"county_id","county_name","short_name","center_lon","center_lat","land_area_sqkm","neighbor_ids","facility_count","reported_mw","known_mw_count","operating_count","pipeline_count","direct_opposition_count","plant_count","plant_operating_mw","plant_nameplate_mw","hv_line_km","queue_active_mw","water_factor","water_class","water_withdrawal_mgd","risk_score","drought_score","wildfire_score","flood_score","heat_score","cbp_establishments","local_action_count"
"51001","Accomack County","Accomack",-75.76,37.76,1163.69,"51103;51115;51119;51131;51133",0,0,0,0,0,0,8,489.2,528.2,0,20,0.46,"Under 0.5",17.64,17.84,9.77,13.94,13.87,8.52,,0
"51003","Albemarle County","Albemarle",-78.56,38.02,1866.03,"51015;51029;51065;51079;51109;51125;51137;51165;51540",0,0,0,0,0,0,1,13.3,13.3,120.26,138,0.4,"Under 0.5",17.54,6.68,7.36,6.08,6.94,3.74,7,0
"51005","Alleghany County","Alleghany",-80.01,37.79,1156.62,"51017;51023;51045;51163;51580",0,0,0,0,0,0,2,243.7,243.7,5.34,,0.38,"Under 0.5",41.53,7.45,3.66,2.92,12.92,0,,0
"51007","Amelia County","Amelia",-77.98,37.34,920.38,"51041;51049;51053;51135;51145;51147",0,0,0,0,0,0,4,24.4,28.4,0,106,0.49,"Under 0.5",1.39,6.41,15.16,0.71,1.5,4.46,,0
"51009","Amherst County","Amherst",-79.15,37.6,1227.55,"51011;51019;51031;51125;51163;51680",0,0,0,0,0,0,6,27.4,33.2,0,108,0.38,"Under 0.5",18.99,5.37,3.49,4.5,7.17,0.77,,1
"51011","Appomattox County","Appomattox",-78.81,37.37,865.64,"51009;51029;51031;51037;51125;51147",1,300,1,0,1,0,1,15.7,15.7,0,0,0.44,"Under 0.5",1.46,4.07,3.19,2.79,4.93,3.66,,0
"51013","Arlington County","Arlington",-77.1,38.88,67.33,"51059;51510;51610",0,0,0,0,0,0,0,0,0,12.12,20,,"Unknown",0.13,1.04,0.13,0,1.09,0.8,33,0
"51015","Augusta County","Augusta",-79.13,38.16,2504.71,"51003;51017;51091;51125;51163;51165;51790;51820",0,0,0,0,0,0,2,7.9,7.9,200.67,460,0.43,"Under 0.5",16.12,7.03,6.23,10.83,9.33,7.42,3,0
"51017","Bath County","Bath",-79.74,38.06,1370.63,"51005;51015;51091;51163",0,0,0,0,0,0,2,2867,2867,44.07,0,0.38,"Under 0.5",13.92,10.41,3.94,4.2,9.21,0,,0
"51019","Bedford County","Bedford",-79.52,37.32,1968.69,"51009;51023;51031;51067;51143;51161;51163;51680",0,0,0,0,0,0,4,563.2,563.2,47.2,0,0.45,"Under 0.5",22.33,5.8,8.48,7.2,5.02,0,,0
"51021","Bland County","Bland",-81.13,37.13,926.3,"51071;51155;51173;51185;51197",0,0,0,0,0,0,0,0,0,39.65,0,0.37,"Under 0.5",0.84,2.35,2.77,0.75,3.89,0,,0
"51023","Botetourt County","Botetourt",-79.81,37.56,1401.9,"51005;51019;51045;51161;51163",2,0,0,0,2,0,0,0,0,90.53,138.2,0.39,"Under 0.5",7.87,3.43,1.72,2.54,4.97,0,,0
"51025","Brunswick County","Brunswick",-77.86,36.76,1466.84,"51053;51081;51111;51117;51135",0,0,0,0,0,0,2,1482.7,1482.7,87.43,1558.45,0.5,"Under 0.5",26.97,6.72,14.54,1.44,4.07,7.77,,0
"51027","Buchanan County","Buchanan",-82.04,37.27,1302.39,"51051;51167;51185",0,0,0,0,0,0,1,88,88,4.91,90.25,0.39,"Under 0.5",1.84,9.53,1.71,11.47,16.27,0,,0
"51029","Buckingham County","Buckingham",-78.53,37.57,1501.22,"51003;51011;51049;51065;51125;51147",0,0,0,0,0,0,3,598.8,598.8,27.11,344.4,0.4,"Under 0.5",5.11,4.81,5.21,1.96,5.15,4.15,,1
"51031","Campbell County","Campbell",-79.1,37.21,1303.43,"51009;51011;51019;51037;51083;51143;51680",1,0,0,0,0,0,4,206.1,206.1,33.1,193,0.47,"Under 0.5",9.17,5.32,7.06,3.27,5.68,0,,0
"51033","Caroline County","Caroline",-77.35,38.03,1365.87,"51057;51085;51097;51099;51101;51177;51179",13,450,1,0,13,0,1,892.5,892.5,90.16,512.58,0.48,"Under 0.5",7.04,4.46,5.87,1.02,2.93,6.28,,0
"51035","Carroll County","Carroll",-80.73,36.73,1229.58,"51063;51077;51141;51155;51197;51640",0,0,0,0,0,0,2,30,30,41.07,40,0.33,"Under 0.5",4.05,6.72,9.34,1.94,7.25,0,,0
"51036","Charles City County","Charles City",-77.06,37.35,473.71,"51041;51087;51095;51127;51149;51181",1,0,0,0,0,0,2,189.4,189.4,53.36,549.15,0.42,"Under 0.5",2,2.97,0,0.73,2.25,4.87,,0
"51037","Charlotte County","Charlotte",-78.66,37.01,1231.01,"51011;51031;51083;51111;51117;51147",0,0,0,0,0,0,1,13.8,13.8,22.44,974.67,0.48,"Under 0.5",1.47,7.18,15.26,2.08,8.03,5.41,,0
"51041","Chesterfield County","Chesterfield",-77.59,37.38,1096.87,"51007;51036;51053;51075;51087;51145;51149;51570;51670;51730;51760",11,225,2,2,8,0,6,498.9,498.9,192.76,1580.82,0.49,"Under 0.5",951.03,6.74,4.15,0.72,5.41,9.46,19,0
"51043","Clarke County","Clarke",-78,39.11,455.73,"51061;51069;51107;51187",0,0,0,0,0,0,1,10,10,0.41,50,0.46,"Under 0.5",1.53,4.18,6.07,4.73,5.69,3.22,,0
"51045","Craig County","Craig",-80.21,37.48,849.77,"51005;51023;51071;51121;51161",0,0,0,0,0,0,0,0,0,8.39,,0.38,"Under 0.5",4.77,2.49,3.15,2.35,2.87,0,,0
"51047","Culpeper County","Culpeper",-77.96,38.49,982.07,"51061;51113;51137;51157;51177;51179",11,323.5,1,2,9,0,0,0,0,51.86,230,0.41,"Under 0.5",5.32,5.83,7.2,3.62,8.15,3.81,5,1
"51049","Cumberland County","Cumberland",-78.25,37.51,770.45,"51007;51029;51065;51075;51145;51147",0,0,0,0,0,0,0,0,0,37.43,594,0.45,"Under 0.5",0.85,9.14,21.9,1.57,4.13,6.35,,0
"51051","Dickenson County","Dickenson",-82.35,37.13,855.84,"51027;51167;51195",0,0,0,0,0,0,0,0,0,30.92,40,0.39,"Under 0.5",6.37,6.07,2.36,14.8,6.86,0,,0
"51053","Dinwiddie County","Dinwiddie",-77.63,37.08,1304.9,"51007;51025;51041;51081;51135;51149;51183;51730",0,0,0,0,0,0,1,5,5,133.56,37,0.48,"Under 0.5",2.08,7.11,14.81,1.31,6,6.6,,0
"51057","Essex County","Essex",-76.94,37.94,666.54,"51033;51097;51099;51103;51119;51159;51193",0,0,0,0,0,0,1,20,20,11.74,0,0.42,"Under 0.5",1.3,9.86,16.2,3.41,4.03,6.9,,0
"51059","Fairfax County","Fairfax",-77.28,38.83,1012.74,"51013;51107;51153;51510;51600;51610",30,0,0,18,8,0,2,127.2,127.2,286.37,0,0.41,"Under 0.5",1.44,3.26,1.29,0.41,3.22,4.06,205,1
"51061","Fauquier County","Fauquier",-77.81,38.74,1678.3,"51043;51047;51107;51153;51157;51179;51187",12,436,2,0,10,2,3,1322.2,1322.2,162.4,279.7,0.4,"Under 0.5",6.72,3.39,2.99,2.1,4.02,4.01,,2
"51063","Floyd County","Floyd",-80.36,36.93,986.59,"51035;51067;51121;51141;51155;51161",0,0,0,0,0,0,0,0,0,40.36,0,0.33,"Under 0.5",1.74,3.58,7.04,1.77,3.1,0,,0
"51065","Fluvanna County","Fluvanna",-78.28,37.84,743.63,"51003;51029;51049;51075;51109",0,0,0,0,0,0,3,1021.4,1021.4,64.73,1652,0.41,"Under 0.5",63.22,4.55,6.46,2.15,1.76,5.67,,0
"51067","Franklin County","Franklin",-79.88,36.99,1788.67,"51019;51063;51089;51141;51143;51161",1,75,1,0,1,0,0,0,0,32.22,200,0.46,"Under 0.5",6.3,6.5,10.57,3.89,6.05,0,,0
"51069","Frederick County","Frederick",-78.26,39.2,1070.01,"51043;51171;51187;51840",1,6.7,1,1,0,0,5,223.4,223.4,84.61,560,0.44,"Under 0.5",9.62,4.82,5.06,5.64,5.08,6.61,,1
"51071","Giles County","Giles",-80.7,37.31,925.21,"51021;51045;51121;51155",0,0,0,0,0,0,1,27.2,27.2,34.1,150,0.37,"Under 0.5",112.51,6.33,2.6,1.64,9.01,0,,0
"51073","Gloucester County","Gloucester",-76.52,37.4,564.12,"51095;51097;51115;51119;51199",0,0,0,0,0,0,4,101.2,101.2,13.45,12.84,0.42,"Under 0.5",2.81,7.07,7.91,2.13,6.99,6.48,,0
"51075","Goochland County","Goochland",-77.92,37.72,730.64,"51041;51049;51065;51085;51087;51109;51145",2,2000,2,0,2,1,1,5,5,53.79,20,0.44,"Under 0.5",3.05,1.61,2.23,0.38,1,1.97,,0
"51077","Grayson County","Grayson",-81.22,36.66,1144.22,"51035;51173;51191;51197;51640",0,0,0,0,0,0,1,5.4,5.4,16.8,63.3,0.32,"Under 0.5",1.66,6.06,9.3,2.35,6.47,0,,0
"51079","Greene County","Greene",-78.47,38.3,403.9,"51003;51113;51137;51139;51165",0,0,0,0,0,0,0,0,0,0,0,0.41,"Under 0.5",1.54,4.39,7.64,5.44,4.82,4.6,,0
"51081","Greensville County","Greensville",-77.56,36.68,765.02,"51025;51053;51175;51183;51595",1,0,0,0,1,0,5,2092.9,2092.9,57.4,227.4,0.49,"Under 0.5",1.69,2.99,5.99,1.09,3.45,4.69,,0
"51083","Halifax County","Halifax",-78.94,36.77,2117.91,"51031;51037;51117;51143",0,0,0,0,0,0,12,1426.3,1426.3,72.09,1117.9,0.52,"0.5–0.99",15.84,10.45,15.68,2.74,15.29,6.74,,0
"51085","Hanover County","Hanover",-77.49,37.76,1211.01,"51033;51075;51087;51101;51109;51127;51177",8,4200,3,1,5,2,2,1338,1338,158.47,149.87,0.5,"0.5–0.99",8.77,4.55,8.1,0.41,3.6,5.08,6,1
"51087","Henrico County","Henrico",-77.41,37.54,605.28,"51036;51041;51075;51085;51127;51145;51760",15,210,2,11,2,0,4,398.4,398.4,192.26,20,0.42,"Under 0.5",23.75,9.96,6.51,0.95,8.5,13.68,36,0
"51089","Henry County","Henry",-79.87,36.68,990.28,"51067;51141;51143;51690",0,0,0,0,0,0,6,93.4,107.4,27.71,50,0.44,"Under 0.5",5.14,9.54,9.66,3,13.58,0,,1
"51091","Highland County","Highland",-79.57,38.36,1075.27,"51015;51017",0,0,0,0,0,0,1,6,6,32.84,0,0.4,"Under 0.5",6.96,5.37,12.28,5.61,6.08,0,,0
"51093","Isle of Wight County","Isle of Wight",-76.71,36.91,817.62,"51095;51175;51181;51620;51700;51800",0,0,0,0,0,0,5,315.1,315.1,146.82,430,0.42,"Under 0.5",17.18,5.91,11.57,2.4,4.35,5.47,,0
"51095","James City County","James City",-76.77,37.31,368.55,"51036;51073;51093;51097;51127;51181;51199;51700;51830",0,0,0,0,0,0,2,39.9,39.9,56.28,650,0.43,"Under 0.5",6.24,7.32,4.86,1.94,3.83,8.64,,0
"51097","King and Queen County","King and Queen",-76.89,37.72,816.19,"51033;51057;51073;51095;51101;51119;51127",0,0,0,0,0,0,1,10.8,10.8,27.13,311.57,0.47,"Under 0.5",1.89,6.17,14.3,1.57,3.38,4.04,,0
"51099","King George County","King George",-77.16,38.27,465.23,"51033;51057;51179;51193",4,1200,1,0,3,1,1,13.2,13.2,52.72,586.3,0.43,"Under 0.5",3.48,1.52,1.91,0.4,0.63,2.1,,0
"51101","King William County","King William",-77.09,37.71,709.42,"51033;51085;51097;51127",0,0,0,0,0,0,3,126,131,16.04,74,0.52,"0.5–0.99",23.44,3.93,8.33,1.4,2.54,3.17,,0
"51103","Lancaster County","Lancaster",-76.42,37.7,345.26,"51001;51057;51119;51133;51159",0,0,0,0,0,0,2,6.5,6.5,0,206,0.42,"Under 0.5",0.57,15.19,16.22,3.78,14.85,10.08,,0
"51105","Lee County","Lee",-83.13,36.71,1127.62,"51169;51195",0,0,0,0,0,0,0,0,0,29.35,0,0.3,"Under 0.5",3.17,11.11,23.61,11.81,7.54,0,,0
"51107","Loudoun County","Loudoun",-77.64,39.09,1335.75,"51043;51059;51061;51153",192,1208,14,106,67,1,1,812,812,188.7,715,0.41,"Under 0.5",11.57,0,0,0,0,0,89,1
"51109","Louisa County","Louisa",-77.96,37.98,1282.06,"51003;51065;51075;51085;51137;51177",5,0,0,0,4,1,7,2944.8,2944.8,101.73,115.99,0.52,"0.5–0.99",1928.9,5.29,5.9,2.03,3.71,6.21,,0
"51111","Lunenburg County","Lunenburg",-78.24,36.95,1118.1,"51025;51037;51117;51135;51147",0,0,0,0,0,0,0,0,0,57.3,765.89,0.49,"Under 0.5",1.55,5.94,13.64,1.24,1.95,5.54,,0
"51113","Madison County","Madison",-78.28,38.41,830.45,"51047;51079;51137;51139;51157",0,0,0,0,0,0,0,0,0,0,0,0.41,"Under 0.5",1.32,6.07,10.91,5.86,8.17,5.13,,0
"51115","Mathews County","Mathews",-76.27,37.42,222.51,"51001;51073;51119;51131;51199",0,0,0,0,0,0,0,0,0,0,,0.4,"Under 0.5",0.67,9.32,0,1.79,10.04,5.79,,0
"51117","Mecklenburg County","Mecklenburg",-78.36,36.68,1619.54,"51025;51037;51083;51111",8,0,0,1,6,0,4,486.7,486.7,28.63,389,0.53,"0.5–0.99",5.46,10.03,20.47,2.34,5.38,10.54,,0
"51119","Middlesex County","Middlesex",-76.51,37.62,337.55,"51001;51057;51073;51097;51103;51115;51131;51159",0,0,0,0,0,0,1,15,15,8.26,80,0.41,"Under 0.5",1.25,9.15,7.09,2.25,5.89,6.63,,0
"51121","Montgomery County","Montgomery",-80.39,37.17,1001.93,"51045;51063;51071;51155;51161;51750",1,0,0,1,0,0,3,25.3,25.3,43.25,110.43,0.38,"Under 0.5",28.46,4.33,4.53,0.84,5.33,0,,0
"51125","Nelson County","Nelson",-78.89,37.79,1219.22,"51003;51009;51011;51015;51029;51163",0,0,0,0,0,0,0,0,0,0,107,0.38,"Under 0.5",1.81,6.73,11.06,6.4,8.46,6.36,,0
"51127","New Kent County","New Kent",-77,37.51,543.98,"51036;51085;51087;51095;51097;51101",0,0,0,0,0,0,1,20,20,67.55,0,0.46,"Under 0.5",20.94,1.96,3.2,0.67,1.51,2.28,,0
"51131","Northampton County","Northampton",-75.93,37.3,548.33,"51001;51115;51119;51199;51650;51710;51735;51810",0,0,0,0,0,0,2,20,32,0,20,,"Under 0.5",3.23,12.33,18.72,3.93,13.75,8.15,,0
"51133","Northumberland County","Northumberland",-76.38,37.85,495.81,"51001;51103;51159;51193",0,0,0,0,0,0,0,0,0,0,5,0.41,"Under 0.5",2.48,12.28,10.34,5.73,10.91,7.82,,0
"51135","Nottoway County","Nottoway",-78.05,37.14,814.27,"51007;51025;51053;51111;51147",0,0,0,0,0,0,0,0,0,0,50.3,0.48,"Under 0.5",1.28,11.46,26.88,1.3,2.29,8.2,,0
"51137","Orange County","Orange",-78.01,38.25,881.93,"51003;51047;51079;51109;51113;51177",1,0,0,0,1,0,1,62.5,62.5,46.93,75,0.46,"Under 0.5",4.05,6.98,12.6,3.81,7.48,6.28,,0
"51139","Page County","Page",-78.48,38.62,802.94,"51079;51113;51157;51165;51171;51187",0,0,0,0,0,0,2,3,3,0,0,0.45,"Under 0.5",3.19,8.1,9.47,10.52,11.54,6.41,,0
"51141","Patrick County","Patrick",-80.28,36.68,1250.85,"51035;51063;51067;51089",0,0,0,0,0,0,1,11.8,11.8,0,0,0.43,"Under 0.5",2.25,7.15,10.35,2.32,10.26,0,,0
"51143","Pittsylvania County","Pittsylvania",-79.4,36.82,2509.71,"51019;51031;51067;51083;51089;51590",3,3799,2,0,2,1,10,247.2,247.2,10.51,1284,0.49,"Under 0.5",7.93,6.97,7.63,3.78,10.27,5.85,,0
"51145","Powhatan County","Powhatan",-77.92,37.55,673.92,"51007;51041;51049;51075;51087",1,1382.5,1,0,1,0,3,82,82,64.24,20,0.45,"Under 0.5",2.35,1.73,3.03,0.49,1.09,2.07,,0
"51147","Prince Edward County","Prince Edward",-78.44,37.22,906.36,"51007;51011;51029;51037;51049;51111;51135",1,0,0,0,1,0,2,7,7,30.78,260,0.49,"Under 0.5",2.56,8.15,18.02,1.52,4.49,7.4,,0
"51149","Prince George County","Prince George",-77.22,37.19,687.23,"51036;51041;51053;51181;51183;51670;51730",0,0,0,0,0,0,2,169.7,169.7,63.74,318,0.43,"Under 0.5",0.85,2.64,5.28,0.98,1.96,0,,0
"51153","Prince William County","Prince William",-77.48,38.7,868.31,"51059;51061;51107;51179;51683;51685",89,778,5,34,48,2,4,732.8,732.8,211.25,670,0.42,"Under 0.5",89.43,4.92,3.22,1,5.29,3.35,26,1
"51155","Pulaski County","Pulaski",-80.71,37.06,828.38,"51021;51035;51063;51071;51121;51197;51750",0,0,0,0,0,0,2,80.2,80.2,18.1,277,0.33,"Under 0.5",5.56,5.62,7.59,0.54,5.87,0,,0
"51157","Rappahannock County","Rappahannock",-78.16,38.68,689.9,"51047;51061;51113;51139;51187",0,0,0,0,0,0,0,0,0,42.56,0,0.41,"Under 0.5",0.83,4.14,6.22,4.17,6.11,3.61,,0
"51159","Richmond County","Richmond",-76.73,37.94,495.93,"51057;51103;51119;51133;51193",0,0,0,0,0,0,3,214.8,214.8,30.85,327,0.43,"Under 0.5",0.93,4.7,6.53,1.47,3.57,4.57,,0
"51161","Roanoke County","Roanoke",-80.07,37.27,648.92,"51019;51023;51045;51063;51067;51121;51770;51775",2,0,0,0,2,0,1,3.6,3.6,66.43,0,0.46,"Under 0.5",26.85,6.68,2.17,2.07,7.55,0,,0
"51163","Rockbridge County","Rockbridge",-79.45,37.81,1545.05,"51005;51009;51015;51017;51019;51023;51125;51530;51678",0,0,0,0,0,0,2,7.5,7.5,100.92,0,0.39,"Under 0.5",3.98,6.78,2.92,11.36,10.15,0,,0
"51165","Rockingham County","Rockingham",-78.88,38.51,2200.96,"51003;51015;51079;51139;51171;51660",0,0,0,0,0,0,4,46.9,46.9,112.57,406,0.48,"Under 0.5",36.92,8.41,7.38,11.4,12.19,6.56,,0
"51167","Russell County","Russell",-82.1,36.93,1226.42,"51027;51051;51169;51173;51185;51191;51195",0,0,0,0,0,0,1,475,475,27.48,0,0.34,"Under 0.5",6.14,5.93,8.29,7.54,5.5,0,,0
"51169","Scott County","Scott",-82.6,36.71,1387.79,"51105;51167;51191;51195",2,0,0,1,1,0,0,0,0,5.79,,0.34,"Under 0.5",2.04,6.96,8.99,6.27,9.32,0,,0
"51171","Shenandoah County","Shenandoah",-78.57,38.86,1315.92,"51069;51139;51165;51187",1,180,1,0,1,0,2,18.9,18.9,0,215,0.53,"0.5–0.99",21.14,11.16,9.38,13.18,16.87,6.61,,1
"51173","Smyth County","Smyth",-81.54,36.84,1169.22,"51021;51077;51167;51185;51191;51197",0,0,0,0,0,0,0,0,0,59.5,250,0.34,"Under 0.5",6.99,7.07,10.84,1.95,9,0,,0
"51175","Southampton County","Southampton",-77.11,36.72,1552.05,"51081;51093;51181;51183;51620;51800",0,0,0,0,0,0,3,171.1,175.1,14.48,100,0.48,"Under 0.5",5.1,8.54,19.03,1.67,7.04,6.32,,0
"51177","Spotsylvania County","Spotsylvania",-77.66,38.19,1041.09,"51033;51047;51085;51109;51137;51179;51630",15,1325,2,0,14,0,5,506.9,506.9,101.84,700,0.49,"Under 0.5",15.08,4.62,4.22,0.79,4.51,4.1,,0
"51179","Stafford County","Stafford",-77.46,38.42,695.4,"51033;51047;51061;51099;51153;51177;51630",13,2100,2,1,12,0,2,3.5,3.5,89.3,0,0.44,"Under 0.5",25.04,2.01,1.53,0.28,1.81,1.29,5,0
"51181","Surry County","Surry",-76.89,37.12,722.48,"51036;51093;51095;51149;51175;51183;51700",1,0,0,0,1,0,4,2343,2343,169.9,639,0.42,"Under 0.5",2023.75,3.95,0,1.07,3.47,4.29,,0
"51183","Sussex County","Sussex",-77.26,36.92,1269.73,"51053;51081;51149;51175;51181",0,0,0,0,0,0,2,138,138,85,1828.2,0.48,"Under 0.5",1.81,1.32,0,0.59,2.12,2.01,,0
"51185","Tazewell County","Tazewell",-81.56,37.13,1343.66,"51021;51027;51167;51173",0,0,0,0,0,0,0,0,0,24.58,150,0.35,"Under 0.5",5.31,9.54,7.55,6.83,15.72,0,,0
"51187","Warren County","Warren",-78.21,38.91,555.74,"51043;51061;51069;51139;51157;51171",0,0,0,0,0,0,2,1474.7,1474.7,42.39,19,0.46,"Under 0.5",11.79,6,6.59,4.95,8.85,3.47,,1
"51191","Washington County","Washington",-81.96,36.72,1453.48,"51077;51167;51169;51173;51520",0,0,0,0,0,0,1,285,285,40.6,212.1,0.34,"Under 0.5",75.95,7.04,12.17,3.47,4.72,0,,0
"51193","Westmoreland County","Westmoreland",-76.8,38.11,593.95,"51057;51099;51133;51159",0,0,0,0,0,0,4,55.9,55.9,23.08,36,0.43,"Under 0.5",2.96,5.59,0,3.5,4.43,7.71,,0
"51195","Wise County","Wise",-82.62,36.98,1044.91,"51051;51105;51167;51169;51720",1,0,0,0,0,0,2,671,671,0,61.3,0.33,"Under 0.5",6.43,7.55,3.32,16.62,7.25,0,,0
"51197","Wythe County","Wythe",-81.08,36.92,1196.45,"51021;51035;51077;51155;51173",0,0,0,0,0,0,1,20,20,81.81,377.2,0.32,"Under 0.5",9.74,6.54,10.63,1.27,8.65,0,,0
"51199","York County","York",-76.44,37.24,271.18,"51073;51095;51115;51131;51650;51700;51735;51830",0,0,0,0,0,0,0,0,0,59.29,33,0.46,"Under 0.5",394.47,4.41,1.73,1.55,4.55,4.63,3,0
"51510","Alexandria city","Alexandria",-77.09,38.82,38.68,"51013;51059",0,0,0,0,0,0,1,29,29,4.03,,0.42,"Under 0.5",0.55,5.14,0,0,5.13,7.62,13,0
"51520","Bristol city","Bristol",-82.16,36.62,33.34,"51191",0,0,0,0,0,0,1,0,3.6,0,,,"Unknown",0.06,6.23,0,2.67,4.97,0,,0
"51530","Buena Vista city","Buena Vista",-79.36,37.73,16.67,"51163",0,0,0,0,0,0,0,0,0,0,,,"Unknown",1.06,3.7,0,3.33,4.68,0,,0
"51540","Charlottesville city","Charlottesville",-78.49,38.04,26.54,"51003",0,0,0,0,0,0,0,0,0,5.47,,,"Unknown",0.44,6.37,0,1.57,3.77,8.16,,0
"51550","Chesapeake city","Chesapeake",-76.3,36.68,876.6,"51710;51740;51800;51810",0,0,0,0,0,0,7,306.1,694.9,175.44,3034,0.48,"Under 0.5",10.59,7.12,5.42,2.79,7.91,9.33,14,0
"51570","Colonial Heights city","Colonial Heights",-77.4,37.27,19.48,"51041;51730",0,0,0,0,0,0,0,0,0,0,,,"Unknown",0.04,5.53,0,0.71,6.07,0,,0
"51580","Covington city","Covington",-79.99,37.78,14.16,"51005",0,0,0,0,0,0,0,0,0,0,0,,"Unknown",2.14,2.52,0,0,4.23,0,,0
"51590","Danville city","Danville",-79.41,36.58,110.86,"51143",0,0,0,0,0,0,3,15,16.8,1.76,,0.51,"0.5–0.99",5.53,12.78,0,2.28,17.4,0,,1
"51595","Emporia city","Emporia",-77.54,36.7,17.17,"51081",0,0,0,0,0,0,1,2.5,2.5,0,0,,"Unknown",0.7,5.47,0,2.42,6.97,9.44,,0
"51600","Fairfax city","Fairfax",-77.3,38.85,16.16,"51059",0,0,0,0,0,0,0,0,0,0,,,"Unknown",0,2.92,0,0,2.68,4.08,7,0
"51610","Falls Church city","Falls Church",-77.18,38.88,5.3,"51013;51059",0,0,0,0,0,0,0,0,0,2.12,,,"Unknown",0,0.59,0,0,0.79,0.47,,0
"51620","Franklin city","Franklin",-76.94,36.68,21.44,"51093;51175",0,0,0,0,0,0,2,6.4,6.4,0,0,0.44,"Under 0.5",0.93,6.32,0,2.62,10.5,0,,0
"51630","Fredericksburg city","Fredericksburg",-77.49,38.3,27.07,"51177;51179",3,0,0,0,2,0,0,0,0,8.82,,,"Unknown",0.8,5.96,0,0,8.14,0,,0
"51640","Galax city","Galax",-80.92,36.67,21.33,"51035;51077",0,0,0,0,0,0,0,0,0,0,,,"Unknown",1.83,5.84,0,0,8.1,0,,0
"51650","Hampton city","Hampton",-76.3,37.05,133.28,"51131;51199;51700;51710;51735;51740;51810",0,0,0,0,0,0,1,4.8,4.8,16.69,29.12,0.45,"Under 0.5",0.05,11.47,0,2.11,13.22,1.81,5,0
"51660","Harrisonburg city","Harrisonburg",-78.87,38.44,44.9,"51165",1,0,0,0,0,0,2,44.5,44.5,2.72,,0.46,"Under 0.5",0.36,8.06,0,4.68,11.08,8.57,,0
"51670","Hopewell city","Hopewell",-77.3,37.29,26.82,"51041;51149",1,20,1,0,1,0,3,517.7,517.7,13.02,0,,"Unknown",138.73,7.64,0,2.47,4.74,9.2,,0
"51678","Lexington city","Lexington",-79.44,37.78,6.47,"51163",0,0,0,0,0,0,0,0,0,0,,,"Unknown",0,1.39,0,0.64,1.59,0,,0
"51680","Lynchburg city","Lynchburg",-79.19,37.4,126.7,"51009;51019;51031",0,0,0,0,0,0,0,0,0,0,0,0.38,"Under 0.5",0.03,9.17,0,2.48,11.74,0,,0
"51683","Manassas city","Manassas",-77.48,38.75,25.49,"51153;51685",2,0,0,0,2,0,6,53,53,8.33,,,"Unknown",0.51,5.56,0,0,3.14,8.18,5,0
"51685","Manassas Park city","Manassas Park",-77.44,38.77,7.86,"51153;51683",0,0,0,0,0,0,0,0,0,2.94,,,"Unknown",0.18,3.65,0,0,2.73,5.66,,0
"51690","Martinsville city","Martinsville",-79.86,36.68,28.37,"51089",0,0,0,0,0,0,0,0,0,0,0,,"Unknown",2.06,8.14,0,0,7.19,0,,0
"51700","Newport News city","Newport News",-76.52,37.08,178.7,"51093;51095;51181;51199;51650;51740;51800",0,0,0,0,0,0,0,0,0,36.92,0,0.43,"Under 0.5",27.56,12.99,0,3.6,11.63,15.16,4,0
"51710","Norfolk city","Norfolk",-76.25,36.92,137.98,"51131;51550;51650;51740;51810",1,0,0,1,0,0,1,0.9,0.9,12.45,,,"Unknown",0.42,13.38,0,1.35,18.43,12.16,13,0
"51720","Norton city","Norton",-82.63,36.93,19.37,"51195",0,0,0,0,0,0,0,0,0,0,,,"Unknown",0.53,5.92,0,7.13,7.46,0,,0
"51730","Petersburg city","Petersburg",-77.39,37.2,58.85,"51041;51053;51149;51570",4,104,1,0,4,0,0,0,0,14.35,,,"Unknown",0.16,9.64,0,3.05,7.73,8.44,,0
"51735","Poquoson city","Poquoson",-76.27,37.15,39.77,"51131;51199;51650",0,0,0,0,0,0,0,0,0,0,,,"Unknown",0,2.92,0,1.16,1.98,2.2,,0
"51740","Portsmouth city","Portsmouth",-76.36,36.86,86.25,"51550;51650;51700;51710;51800",0,0,0,0,0,0,1,0,60,9.5,0,0.47,"Under 0.5",63.95,10.02,0,2.22,12.39,11.09,,0
"51750","Radford city","Radford",-80.56,37.12,25.06,"51121;51155",0,0,0,0,0,0,0,0,0,0,,,"Unknown",2.48,3.96,0,0,4.33,0,,0
"51760","Richmond city","Richmond",-77.48,37.53,155.21,"51041;51087",0,0,0,0,0,0,1,114.8,114.8,14.85,,0.49,"Under 0.5",76.67,13.45,0,0,14.44,18.33,19,0
"51770","Roanoke city","Roanoke",-79.96,37.28,110.13,"51161;51775",0,0,0,0,0,0,0,0,0,0,,0.48,"Under 0.5",5.22,10.19,0,1.33,11.82,0,5,0
"51775","Salem city","Salem",-80.06,37.29,37.6,"51161;51770",0,0,0,0,0,0,3,0,5.1,0,,,"Unknown",3.92,5.63,0,0,8.15,0,,0
"51790","Staunton city","Staunton",-79.06,38.16,51.59,"51015",0,0,0,0,0,0,0,0,0,7.05,,,"Unknown",0.16,8.12,0,7.04,12.33,7.66,,0
"51800","Suffolk city","Suffolk",-76.63,36.7,1033.84,"51093;51175;51550;51700;51740",0,0,0,0,0,0,4,53.8,53.8,159.7,269,0.47,"Under 0.5",46.78,8,13.78,3.42,4.39,8.75,,1
"51810","Virginia Beach city","Virginia Beach",-76.02,36.78,633.82,"51131;51550;51650;51710",2,25,1,0,0,0,2,17.6,28.4,121.96,300,0.48,"Under 0.5",3,9.68,3.19,4.2,10.39,12.42,24,1
"51820","Waynesboro city","Waynesboro",-78.9,38.07,38.77,"51015",0,0,0,0,0,0,0,0,0,0,,,"Unknown",2.47,7.31,0,5.73,11.55,6.68,,0
"51830","Williamsburg city","Williamsburg",-76.71,37.27,23.15,"51095;51199",0,0,0,0,0,0,0,0,0,4.67,20,,"Unknown",0.15,5.94,0,2.11,1.84,3.06,,0
"51840","Winchester city","Winchester",-78.17,39.17,23.81,"51069",0,0,0,0,0,0,0,0,0,0,,,"Unknown",0,7.22,0,0,9.07,7.44,,0
